job_url,job_title,department,source,extracted_timestamp
https://jobs.lever.co/matchgroup/b6a5978b-d8bd-4543-acba-652e1fbd4b9f,Apply,Full-time,lever_matchgroup,2026-03-20T22:07:31.387116
https://jobs.lever.co/matchgroup/fa3c2a00-1df5-436a-9edc-c358f2155410,Apply,Full-time,lever_matchgroup,2026-03-20T22:07:31.387116
https://jobs.lever.co/matchgroup/97e65f3e-6e3d-4ce6-a7e5-0c290d43a28d,Apply,Tokyo,lever_matchgroup,2026-03-20T22:07:31.387116
https://jobs.lever.co/matchgroup/d2622820-908d-4792-9d45-cfba969f8cf4,Apply,Tokyo,lever_matchgroup,2026-03-20T22:07:31.387116
https://jobs.lever.co/matchgroup/4f3e70ea-d843-4666-844a-c0ba07f2033f,Apply,Full-time,lever_matchgroup,2026-03-20T22:07:31.387116
https://jobs.lever.co/matchgroup/281e4082-5cca-42d2-8ecf-dd5121f28235,Apply,Tokyo,lever_matchgroup,2026-03-20T22:07:31.387116
https://jobs.lever.co/matchgroup/bcec99c0-5d0a-4510-968a-979fe73f399b,Apply,Full-time,lever_matchgroup,2026-03-20T22:07:31.387116
https://jobs.lever.co/matchgroup/eeb31906-5f8f-4599-a77a-dbee6c2079c9,Apply,Full-time,lever_matchgroup,2026-03-20T22:07:31.387116
https://jobs.lever.co/matchgroup/f1f0b661-5077-4da9-bc5c-1621dcff9c44,Apply,"New York, New York",lever_matchgroup,2026-03-20T22:07:31.387116
https://jobs.lever.co/matchgroup/3640ecb2-68c5-4b07-93ec-c80120b3be55,Apply,"New York, New York",lever_matchgroup,2026-03-20T22:07:31.387116
https://jobs.lever.co/matchgroup/6d8c0ef7-aa0f-4ea4-8473-6c20ad18745f,Apply,Full-time,lever_matchgroup,2026-03-20T22:07:31.387116
https://jobs.lever.co/matchgroup/0164e706-70ce-49c2-8332-83d7eb4ce607,Apply,Full-time,lever_matchgroup,2026-03-20T22:07:31.387116
https://jobs.lever.co/matchgroup/f2f314a2-bd85-47ee-9bb5-99ea5051c21d,Apply,Full-time,lever_matchgroup,2026-03-20T22:07:31.387116
https://jobs.lever.co/matchgroup/81717593-d79d-4287-b5d6-6ad43a48bc4f,Apply,Full-time,lever_matchgroup,2026-03-20T22:07:31.387116
https://jobs.lever.co/matchgroup/523e9382-57ad-45bb-a06d-c71e57bd0240,Apply,Full-time,lever_matchgroup,2026-03-20T22:07:31.387116
https://jobs.lever.co/matchgroup/f6d1cdb5-efcd-4c13-bd51-570568138794,Apply,Full-time,lever_matchgroup,2026-03-20T22:07:31.397166
https://jobs.lever.co/matchgroup/8e55b4e5-27a4-415c-850a-f3532032c975,Apply,Full-time,lever_matchgroup,2026-03-20T22:07:31.397166
https://jobs.lever.co/matchgroup/083c5419-56ce-4543-bcc3-5d7ae0f1a211,Apply,Full-time,lever_matchgroup,2026-03-20T22:07:31.398319
https://jobs.lever.co/matchgroup/9638198d-e429-4945-802c-9c470e1ac692,Apply,Full-time,lever_matchgroup,2026-03-20T22:07:31.398319
https://jobs.lever.co/matchgroup/de5a1789-e8c1-4f45-814a-6d1d110d5fb3,Apply,"New York, New York",lever_matchgroup,2026-03-20T22:07:31.398319
https://jobs.lever.co/matchgroup/9965c4db-f79f-4aca-b3eb-0c3744325461,Apply,Full-time,lever_matchgroup,2026-03-20T22:07:31.398319
https://jobs.lever.co/matchgroup/6bf38717-357d-4bc1-b216-c5271aef7311,Apply,Full-time,lever_matchgroup,2026-03-20T22:07:31.398319
https://jobs.lever.co/matchgroup/bf0ddf1b-c761-4c5b-bea7-6518e99e0da2,Apply,Full-time,lever_matchgroup,2026-03-20T22:07:31.398319
https://jobs.lever.co/matchgroup/5c6bd5b6-09ba-4f8c-b12e-34cca9aa58ce,Apply,Full-time,lever_matchgroup,2026-03-20T22:07:31.398319
https://jobs.lever.co/matchgroup/66a3e6a9-4e76-4b94-a375-34e0c52efa8c,Apply,Full-time,lever_matchgroup,2026-03-20T22:07:31.398319
https://jobs.lever.co/matchgroup/c79d226f-eb60-438c-9d45-b251dbc9d232,Apply,Full-time,lever_matchgroup,2026-03-20T22:07:31.398319
https://jobs.lever.co/matchgroup/7bed0353-9095-4c9f-987f-ee848d9cf467,Apply,Full-time,lever_matchgroup,2026-03-20T22:07:31.398319
https://jobs.lever.co/matchgroup/4055e3d7-64f9-4405-9b58-b68589458533,Apply,Full-time,lever_matchgroup,2026-03-20T22:07:31.398319
https://jobs.lever.co/matchgroup/c5e2c215-2f6f-4a49-a308-b27eb8dcb06d,Apply,Full-time,lever_matchgroup,2026-03-20T22:07:31.398319
https://jobs.lever.co/matchgroup/34e213e0-4dd3-4afc-9425-f4afc4c1debf,Apply,Full-time,lever_matchgroup,2026-03-20T22:07:31.398319
https://jobs.lever.co/matchgroup/bedeb4a0-c4f3-4b1f-8e50-7b0a91673414,Apply,Full-time,lever_matchgroup,2026-03-20T22:07:31.398319
https://jobs.lever.co/matchgroup/c05f596d-8821-4ed9-a475-2e5cd7385d04,Apply,Full-time,lever_matchgroup,2026-03-20T22:07:31.407473
https://jobs.lever.co/matchgroup/48196376-b456-480c-9050-2d1d3269190f,Apply,Full-time,lever_matchgroup,2026-03-20T22:07:31.407473
https://jobs.lever.co/matchgroup/5d4fe20e-3f1e-4137-baff-4eae04cd209e,Apply,Full-time,lever_matchgroup,2026-03-20T22:07:31.407473
https://jobs.lever.co/matchgroup/ef8b2dd0-0034-4fc1-bc34-22562dad84ea,Apply,Full-time,lever_matchgroup,2026-03-20T22:07:31.407473
https://jobs.lever.co/matchgroup/b0358366-c1c4-4122-8280-01ce9f9f6220,Apply,Full-time,lever_matchgroup,2026-03-20T22:07:31.407473
https://jobs.lever.co/matchgroup/3e099b3b-0f94-497d-921f-779c040c4b4a,Apply,Full-time,lever_matchgroup,2026-03-20T22:07:31.407473
https://jobs.lever.co/matchgroup/4004a95b-ed89-4193-ad1a-a2ed5d4703d5,Apply,Full-time,lever_matchgroup,2026-03-20T22:07:31.407473
https://jobs.lever.co/matchgroup/fd7a864d-8c3c-455e-bf07-f2470a7f4d05,Apply,Full-time,lever_matchgroup,2026-03-20T22:07:31.407473
https://jobs.lever.co/matchgroup/e71c8334-67cc-4489-8439-f8322c9749e3,Apply,Full-time,lever_matchgroup,2026-03-20T22:07:31.407473
https://jobs.lever.co/matchgroup/1120fcd7-1e09-48b4-9fe4-44adbb0a5dc4,Apply,Full-time,lever_matchgroup,2026-03-20T22:07:31.407473
https://jobs.lever.co/matchgroup/321d7376-38af-446f-b407-1ded932c89cc,Apply,Full-time,lever_matchgroup,2026-03-20T22:07:31.414025
https://jobs.lever.co/matchgroup/37d7658d-1612-482e-9cfe-f5ceb4231552,Apply,Full-time,lever_matchgroup,2026-03-20T22:07:31.414025
https://jobs.lever.co/matchgroup/1c7a8562-da95-44c2-889f-13fe2520c796,Apply,Full-time,lever_matchgroup,2026-03-20T22:07:31.414025
https://jobs.lever.co/matchgroup/4934040a-c45a-43ca-888b-e62427ff9630,Apply,Full-time,lever_matchgroup,2026-03-20T22:07:31.414025
https://jobs.lever.co/matchgroup/a177d60f-27bc-4ef9-b652-317fea1b3f65,Apply,Full-time,lever_matchgroup,2026-03-20T22:07:31.414025
https://jobs.lever.co/matchgroup/adef1577-467b-44bd-a071-df85fe6c55b9,Apply,Full-time,lever_matchgroup,2026-03-20T22:07:31.414025
https://jobs.lever.co/matchgroup/a7cb675e-ee84-4201-acb7-0df9ba7969ba,Apply,Full-time,lever_matchgroup,2026-03-20T22:07:31.418167
https://jobs.lever.co/matchgroup/a1d34ee9-1f04-4fed-834b-36b39789347a,Apply,Full-time,lever_matchgroup,2026-03-20T22:07:31.418167
https://jobs.lever.co/matchgroup/0152fd07-2715-4fe1-a208-af9d03c0b358,Apply,Full-time,lever_matchgroup,2026-03-20T22:07:31.418167
https://jobs.lever.co/matchgroup/347a3262-37fd-4e81-b7dd-0e319fb6e22a,Apply,Full-time,lever_matchgroup,2026-03-20T22:07:31.418167
https://jobs.lever.co/matchgroup/56d2a29e-c9fb-45fd-8732-94dade2be2e3,Apply,Full-time,lever_matchgroup,2026-03-20T22:07:31.418167
https://jobs.lever.co/matchgroup/43a95371-d8d9-4dfe-a04b-7249adceee35,Apply,Full-time,lever_matchgroup,2026-03-20T22:07:31.418167
https://jobs.lever.co/matchgroup/966b5d6f-8758-4130-a8bc-2bd6821e1083,Apply,Full-time,lever_matchgroup,2026-03-20T22:07:31.418167
https://jobs.lever.co/matchgroup/31b03917-1017-4ea4-98a9-72a82b97a877,Apply,Full-time,lever_matchgroup,2026-03-20T22:07:31.418167
https://jobs.lever.co/matchgroup/26b5f3c8-f6d4-4cb0-acd3-0134b66869fc,Apply,Full-time,lever_matchgroup,2026-03-20T22:07:31.418167
https://jobs.lever.co/matchgroup/edf748a7-a883-4fef-8112-8cbfba14afa3,Apply,Full-time,lever_matchgroup,2026-03-20T22:07:31.418167
https://jobs.lever.co/matchgroup/e8a0b3da-76fe-4bb0-a188-3c7417a3792c,Apply,Full-time,lever_matchgroup,2026-03-20T22:07:31.418167
https://jobs.lever.co/matchgroup/833a50e5-95b7-48ea-9fc9-c56d84c53798,Apply,Full-time,lever_matchgroup,2026-03-20T22:07:31.418167
https://jobs.lever.co/matchgroup/08f33998-cc49-4f1d-b378-c5573f132d89,Apply,Full-time,lever_matchgroup,2026-03-20T22:07:31.418167
https://jobs.lever.co/matchgroup/93968eed-f044-4303-9cf5-7350d1324c64,Apply,Full-time,lever_matchgroup,2026-03-20T22:07:31.418167
https://jobs.lever.co/matchgroup/4eca7f77-c7f3-4225-bf81-6c409c25f66f,Apply,Full-time,lever_matchgroup,2026-03-20T22:07:31.418167
https://jobs.lever.co/matchgroup/6d64e2d3-5bdd-4a11-8589-e877e2a70e9d,Apply,Full-time,lever_matchgroup,2026-03-20T22:07:31.427674
https://jobs.lever.co/matchgroup/22e316b1-72ed-463e-bf0e-348c0f550df5,Apply,Full-time,lever_matchgroup,2026-03-20T22:07:31.427674
https://jobs.lever.co/matchgroup/a823466a-3282-48e3-9e6e-1bf06906a4b6,Apply,Full-time,lever_matchgroup,2026-03-20T22:07:31.427674
https://jobs.lever.co/matchgroup/304a0f5a-34f5-40ad-b776-2f61ef04b993,Apply,Full-time,lever_matchgroup,2026-03-20T22:07:31.427674
https://jobs.lever.co/matchgroup/9f7954e9-7c8c-4e8d-823a-7c26041f1b04,Apply,Full-time,lever_matchgroup,2026-03-20T22:07:31.427674
https://jobs.lever.co/matchgroup/0406b0e3-3338-415c-aea3-04c2f0b26878,Apply,Fixed Term,lever_matchgroup,2026-03-20T22:07:31.427674
https://jobs.lever.co/matchgroup/728856bb-06c7-45f3-8122-de46fdf05b35,Apply,Full-time,lever_matchgroup,2026-03-20T22:07:31.427674
https://jobs.lever.co/matchgroup/f6af9d2f-6ada-4ffd-bfa1-12fc50f5f537,Apply,Full-time,lever_matchgroup,2026-03-20T22:07:31.427674
https://jobs.lever.co/matchgroup/8c938de1-fca3-4e9e-8719-80d95c1bc739,Apply,Fixed Term,lever_matchgroup,2026-03-20T22:07:31.427674
https://jobs.lever.co/matchgroup/a6c9c5fd-cafb-4572-90ba-82ac2077a312,Apply,Full-time,lever_matchgroup,2026-03-20T22:07:31.427674
https://jobs.lever.co/matchgroup/5afbfa5c-51b6-4c6d-8bba-69d37191ae2e,Apply,Full-time,lever_matchgroup,2026-03-20T22:07:31.427674
https://jobs.lever.co/matchgroup/8362367a-4306-427b-92ba-f13f3b166d13,Apply,Full-time,lever_matchgroup,2026-03-20T22:07:31.427674
https://jobs.lever.co/matchgroup/8d66963b-0e9f-4aec-9e44-ef1f26253054,Apply,Full-time,lever_matchgroup,2026-03-20T22:07:31.427674
https://jobs.lever.co/matchgroup/15590f3d-816b-426a-8ecd-fcff3bdfcf67,Apply,Full-time,lever_matchgroup,2026-03-20T22:07:31.427674
https://jobs.lever.co/matchgroup/c7a1c050-c0ce-4cb5-a302-04e150b40505,Apply,Fixed Term,lever_matchgroup,2026-03-20T22:07:31.427674
https://jobs.lever.co/matchgroup/c7e9b34d-6b41-40b1-9def-20e271d11a3b,Apply,Full-time,lever_matchgroup,2026-03-20T22:07:31.437721
https://jobs.lever.co/matchgroup/d897eff6-5f17-43de-973c-41b40c438448,Apply,Full-time,lever_matchgroup,2026-03-20T22:07:31.437721
https://jobs.lever.co/matchgroup/9297733b-4d77-4b54-92e6-13307e23aa91,Apply,Full-time,lever_matchgroup,2026-03-20T22:07:31.437721
https://jobs.lever.co/matchgroup/c664db3f-0c74-4625-8002-2139a8fe09a5,Apply,Full-time,lever_matchgroup,2026-03-20T22:07:31.437721
https://jobs.lever.co/matchgroup/13421342-e8c6-4bc2-86ec-0e7379409cdf,Apply,Full-time,lever_matchgroup,2026-03-20T22:07:31.437721
https://jobs.lever.co/matchgroup/f14dbcb6-f740-4c95-9634-6dd87ba3f4df,Apply,Full-time,lever_matchgroup,2026-03-20T22:07:31.437721
https://jobs.lever.co/matchgroup/61e35c3c-3156-4760-a088-4a3765e37f8e,Apply,Full-time,lever_matchgroup,2026-03-20T22:07:31.437721
https://jobs.lever.co/matchgroup/ec8af789-7d7b-4c21-aad1-7dcc18fc3225,Apply,Full-time,lever_matchgroup,2026-03-20T22:07:31.437721
https://jobs.lever.co/matchgroup/1c56d1c7-50b0-405d-bd6e-027b30b76509,Apply,Full-time,lever_matchgroup,2026-03-20T22:07:31.437721
https://jobs.lever.co/matchgroup/5c73c6e6-a87c-4fda-ad06-25f0e21e421a,Apply,Full-time,lever_matchgroup,2026-03-20T22:07:31.437721
https://jobs.lever.co/matchgroup/20ae111e-6f47-46cf-b525-4c56ab9551f6,Apply,Full-time,lever_matchgroup,2026-03-20T22:07:31.437721
https://jobs.lever.co/matchgroup/1b4db7d3-2db5-4409-96d1-420301f0f3fa,Apply,Full-time,lever_matchgroup,2026-03-20T22:07:31.437721
https://jobs.lever.co/matchgroup/edf90392-f93c-45b2-a492-d3aae7c0a822,Apply,Full-time,lever_matchgroup,2026-03-20T22:07:31.437721
https://jobs.lever.co/matchgroup/4d89d695-13a6-4fb2-964c-607f7b4a7fc3,Apply,Full-time,lever_matchgroup,2026-03-20T22:07:31.437721
https://jobs.lever.co/matchgroup/1c92739c-9e74-4c60-895e-5d2d5ed8f6f9,Apply,Full-time,lever_matchgroup,2026-03-20T22:07:31.437721
https://jobs.lever.co/matchgroup/3e76c994-2299-4969-8083-2bf05389997c,Apply,Full-time,lever_matchgroup,2026-03-20T22:07:31.437721
https://jobs.lever.co/matchgroup/fa2d4aa6-a31b-46f6-b38e-4e7fe30b1656,Apply,Full-time,lever_matchgroup,2026-03-20T22:07:31.448329
https://jobs.lever.co/matchgroup/aff4cec0-abaf-44bc-adfc-e99e740f5c3a,Apply,"Los Angeles, California",lever_matchgroup,2026-03-20T22:07:31.448835
https://jobs.lever.co/matchgroup/7503df39-49ec-4cda-90d5-9362d59949d6,Apply,"Los Angeles, California / Palo Alto, California",lever_matchgroup,2026-03-20T22:07:31.448835
https://jobs.lever.co/matchgroup/ba759685-3ef7-4fc8-8b93-b1c177b19abd,Apply,Full-time,lever_matchgroup,2026-03-20T22:07:31.448835
https://jobs.lever.co/matchgroup/c0de0002-c529-4eb5-92b0-c9226f9d96cf,Apply,Full-time,lever_matchgroup,2026-03-20T22:07:31.448835
https://jobs.lever.co/matchgroup/e7343fce-80f1-48ee-9256-897cc0019376,Apply,Full-time,lever_matchgroup,2026-03-20T22:07:31.448835
https://jobs.lever.co/matchgroup/b8fb46ba-0a2f-4284-be5c-e20f1b6b2f51,Apply,"Los Angeles, California",lever_matchgroup,2026-03-20T22:07:31.448835
https://jobs.lever.co/matchgroup/fec246a0-6774-47fa-8016-ac998a45b9c1,Apply,Full-time,lever_matchgroup,2026-03-20T22:07:31.448835
https://jobs.lever.co/matchgroup/2c04c0a7-6fd4-412a-95f0-a65a3422c1b6,Apply,Full-time,lever_matchgroup,2026-03-20T22:07:31.448835
https://jobs.lever.co/matchgroup/4dd01740-dc7f-4ae5-8b43-c9232cc078a7,Apply,Rotational Program,lever_matchgroup,2026-03-20T22:07:31.448835
https://jobs.lever.co/matchgroup/84135a99-e009-4764-8e88-f0dba164d097,Apply,Internship,lever_matchgroup,2026-03-20T22:07:31.448835
https://jobs.lever.co/matchgroup/724734f1-b60b-49ae-8905-8663de76ad7a,Apply,Internship,lever_matchgroup,2026-03-20T22:07:31.448835
https://jobs.lever.co/matchgroup/55e5b98a-3281-4da1-995c-dbf6e1381575,Apply,Internship,lever_matchgroup,2026-03-20T22:07:31.448835
https://jobs.lever.co/matchgroup/596091e0-9d8e-4a3a-92a6-5699386b833e,Apply,Internship,lever_matchgroup,2026-03-20T22:07:31.448835
https://jobs.lever.co/matchgroup/178e6f99-ddbb-43e1-9e4c-fe2b524e0861,Apply,Internship,lever_matchgroup,2026-03-20T22:07:31.448835
https://jobs.lever.co/matchgroup/ce55175b-fdd1-40ca-9407-7cc5e1533982,Apply,Internship,lever_matchgroup,2026-03-20T22:07:31.448835
https://jobs.lever.co/matchgroup/66cc088d-e7e7-464d-8155-a804e0c04f0e,Apply,Internship,lever_matchgroup,2026-03-20T22:07:31.458393
