job_url,extracted_timestamp
https://jobs.ashbyhq.com/ashby-embed-demo-org/job/engineering-001,2026-03-19T10:15:30.123456
https://jobs.ashbyhq.com/ashby-embed-demo-org/job/data-scientist-005,2026-03-19T10:15:32.654321
https://jobs.ashbyhq.com/ashby-embed-demo-org/job/sales-003,2026-03-19T10:15:34.987654
https://jobs.ashbyhq.com/ashby-embed-demo-org/job/product-manager-002,2026-03-19T10:15:37.321098
https://jobs.ashbyhq.com/ashby-embed-demo-org/job/intern-marketing-004,2026-03-19T10:15:39.654321
https://jobs.ashbyhq.com/ashby-embed-demo-org/job/junior-developer-006,2026-03-19T10:15:41.987654
https://jobs.ashbyhq.com/ashby-embed-demo-org/job/devops-engineer-007,2026-03-19T10:15:44.321098
https://jobs.ashbyhq.com/ashby-embed-demo-org/job/design-lead-008,2026-03-19T10:15:46.654321
https://jobs.ashbyhq.com/ashby-embed-demo-org/job/backend-engineer-009,2026-03-19T10:15:49.987654
https://jobs.ashbyhq.com/ashby-embed-demo-org/job/frontend-engineer-010,2026-03-19T10:15:52.321098
https://jobs.ashbyhq.com/ashby-embed-demo-org/job/qa-engineer-011,2026-03-19T10:15:54.654321
https://jobs.ashbyhq.com/ashby-embed-demo-org/job/solutions-architect-012,2026-03-19T10:15:57.987654
https://jobs.ashbyhq.com/ashby-embed-demo-org/job/business-analyst-013,2026-03-19T10:16:00.321098
https://jobs.ashbyhq.com/ashby-embed-demo-org/job/finance-analyst-014,2026-03-19T10:16:02.654321
https://jobs.ashbyhq.com/ashby-embed-demo-org/job/hr-manager-015,2026-03-19T10:16:05.987654
https://jobs.ashbyhq.com/ashby-embed-demo-org/job/marketing-strategist-016,2026-03-19T10:16:08.321098
https://jobs.ashbyhq.com/ashby-embed-demo-org/job/customer-success-017,2026-03-19T10:16:10.654321
https://jobs.ashbyhq.com/ashby-embed-demo-org/job/operations-coordinator-018,2026-03-19T10:16:13.987654
https://jobs.ashbyhq.com/ashby-embed-demo-org/job/security-engineer-019,2026-03-19T10:16:16.321098
https://jobs.ashbyhq.com/ashby-embed-demo-org/job/cloud-architect-020,2026-03-19T10:16:18.654321
